{
  "lang_stats": {
    "bmb": {
      "total": 300,
      "passed": 270,
      "success_rate": 0.9,
      "median_loops": 1,
      "avg_loops": 1.8555555555555556,
      "one_shot": 169,
      "one_shot_rate": 0.5633333333333334
    },
    "c": {
      "total": 300,
      "passed": 246,
      "success_rate": 0.82,
      "median_loops": 1,
      "avg_loops": 1.5040650406504066,
      "one_shot": 194,
      "one_shot_rate": 0.6466666666666666
    },
    "python": {
      "total": 299,
      "passed": 252,
      "success_rate": 0.842809364548495,
      "median_loops": 1,
      "avg_loops": 1.5833333333333333,
      "one_shot": 201,
      "one_shot_rate": 0.6722408026755853
    }
  },
  "cat_lang_stats": {
    "bmb:algorithm": {
      "total": 45,
      "passed": 45,
      "success_rate": 1.0,
      "median_loops": 1,
      "avg_loops": 1.2444444444444445
    },
    "c:algorithm": {
      "total": 45,
      "passed": 45,
      "success_rate": 1.0,
      "median_loops": 1,
      "avg_loops": 1.2222222222222223
    },
    "python:algorithm": {
      "total": 45,
      "passed": 45,
      "success_rate": 1.0,
      "median_loops": 1,
      "avg_loops": 1.2444444444444445
    },
    "bmb:contract": {
      "total": 45,
      "passed": 45,
      "success_rate": 1.0,
      "median_loops": 1,
      "avg_loops": 1.5333333333333334
    },
    "c:contract": {
      "total": 45,
      "passed": 44,
      "success_rate": 0.9777777777777777,
      "median_loops": 1,
      "avg_loops": 1.6136363636363635
    },
    "python:contract": {
      "total": 45,
      "passed": 45,
      "success_rate": 1.0,
      "median_loops": 1,
      "avg_loops": 1.2222222222222223
    },
    "bmb:system": {
      "total": 45,
      "passed": 45,
      "success_rate": 1.0,
      "median_loops": 1,
      "avg_loops": 1.5555555555555556
    },
    "c:system": {
      "total": 45,
      "passed": 43,
      "success_rate": 0.9555555555555556,
      "median_loops": 1,
      "avg_loops": 1.4186046511627908
    },
    "python:system": {
      "total": 45,
      "passed": 42,
      "success_rate": 0.9333333333333333,
      "median_loops": 1,
      "avg_loops": 1.2857142857142858
    },
    "bmb:performance": {
      "total": 45,
      "passed": 45,
      "success_rate": 1.0,
      "median_loops": 1,
      "avg_loops": 1.5333333333333334
    },
    "c:performance": {
      "total": 45,
      "passed": 45,
      "success_rate": 1.0,
      "median_loops": 1,
      "avg_loops": 1.4222222222222223
    },
    "python:performance": {
      "total": 45,
      "passed": 45,
      "success_rate": 1.0,
      "median_loops": 1,
      "avg_loops": 1.4444444444444444
    },
    "bmb:practical": {
      "total": 45,
      "passed": 38,
      "success_rate": 0.8444444444444444,
      "median_loops": 1,
      "avg_loops": 2.1842105263157894
    },
    "c:practical": {
      "total": 45,
      "passed": 26,
      "success_rate": 0.5777777777777777,
      "median_loops": 1,
      "avg_loops": 1.0769230769230769
    },
    "python:practical": {
      "total": 45,
      "passed": 29,
      "success_rate": 0.6444444444444445,
      "median_loops": 1,
      "avg_loops": 1.6551724137931034
    },
    "bmb:edge": {
      "total": 45,
      "passed": 33,
      "success_rate": 0.7333333333333333,
      "median_loops": 2,
      "avg_loops": 3.212121212121212
    },
    "c:edge": {
      "total": 45,
      "passed": 23,
      "success_rate": 0.5111111111111111,
      "median_loops": 1,
      "avg_loops": 2.217391304347826
    },
    "python:edge": {
      "total": 45,
      "passed": 24,
      "success_rate": 0.5333333333333333,
      "median_loops": 2,
      "avg_loops": 2.625
    },
    "bmb:integration": {
      "total": 30,
      "passed": 19,
      "success_rate": 0.6333333333333333,
      "median_loops": 1,
      "avg_loops": 2.526315789473684
    },
    "c:integration": {
      "total": 30,
      "passed": 20,
      "success_rate": 0.6666666666666666,
      "median_loops": 1,
      "avg_loops": 2.0
    },
    "python:integration": {
      "total": 29,
      "passed": 22,
      "success_rate": 0.7586206896551724,
      "median_loops": 1,
      "avg_loops": 2.6363636363636362
    }
  },
  "paired": {
    "bmb_vs_c": {
      "bmb_wins": 16,
      "c_wins": 6,
      "tie": 78
    },
    "bmb_vs_python": {
      "bmb_wins": 13,
      "python_wins": 8,
      "tie": 79
    }
  },
  "total_runs": 899,
  "unique_problems": 100
}